-3.333333898255148896e-11,3.469446951953614189e-18,5.000000000000000278e-02
-6.666668606047920775e-11,2.312964634635742664e-18,1.000000000000000056e-01
-1.000000348731303896e-10,-2.312964634635742664e-18,1.500000000000000222e-01
-1.333333790598523194e-10,2.312964634635742664e-18,2.000000000000000111e-01
-1.666666943345163077e-10,2.312964634635742664e-18,2.500000000000000000e-01
-2.000000142351095479e-10,1.387778780781445676e-17,2.999999999999999334e-01
-2.333333480134905961e-10,2.081668171172168513e-17,3.499999999999999223e-01
-2.666667118604119116e-10,1.850371707708594131e-17,3.999999999999999667e-01
-3.000000386998991075e-10,9.251858538542970657e-18,4.499999999999999556e-01
-3.333333886690326153e-10,9.251858538542970657e-18,4.999999999999998890e-01
-3.666667155085197595e-10,1.387778780781445676e-17,5.499999999999999334e-01
-4.000000377220776517e-10,9.251858538542970657e-18,5.999999999999998668e-01
-4.333333691874940996e-10,1.850371707708594131e-17,6.500000000000000222e-01
-4.666666867751226880e-10,2.775557561562891351e-17,6.999999999999999556e-01
-4.999999858590342683e-10,3.700743415417188263e-17,7.500000000000001110e-01
-5.333332941948043526e-10,2.775557561562891351e-17,8.000000000000000444e-01
-5.666665840268573254e-10,2.775557561562891351e-17,8.500000000000001998e-01
-5.999999663774957526e-10,3.700743415417188263e-17,9.000000000000001332e-01
-6.333332654614072294e-10,4.625929269271485174e-17,9.500000000000002887e-01
-6.666665552934603056e-10,5.551115123125782702e-17,1.000000000000000222e+00
-6.999999376440986294e-10,6.476300976980078997e-17,1.050000000000000266e+00
-7.333332829873029368e-10,7.401486830834376525e-17,1.100000000000000089e+00
-7.666666560860827565e-10,8.326672684688674053e-17,1.150000000000000355e+00
-7.999999551699943368e-10,8.326672684688674053e-17,1.200000000000000400e+00
-8.333333005131985408e-10,8.326672684688674053e-17,1.250000000000000444e+00
-8.666666273526857367e-10,9.251858538542970348e-17,1.300000000000000266e+00
-8.999999819477484448e-10,9.251858538542970348e-17,1.350000000000000533e+00
-9.333332995353771366e-10,9.251858538542970348e-17,1.400000000000000577e+00
-9.666666171230056217e-10,8.326672684688674053e-17,1.450000000000000400e+00
-9.999999347106343135e-10,7.401486830834376525e-17,1.500000000000000444e+00
-1.033333307809414237e-09,7.401486830834376525e-17,1.550000000000000711e+00
-1.066666606893325713e-09,7.401486830834376525e-17,1.600000000000000755e+00
-1.099999979992105636e-09,7.401486830834376525e-17,1.650000000000000799e+00
-1.133333297579734122e-09,7.401486830834376525e-17,1.700000000000000622e+00
-1.166666633671079821e-09,9.251858538542970348e-17,1.750000000000000888e+00
-1.199999969762425521e-09,9.251858538542970348e-17,1.800000000000000933e+00
-1.233333324357488436e-09,9.251858538542970348e-17,1.850000000000000755e+00
-1.266666623441399913e-09,9.251858538542970348e-17,1.900000000000000799e+00
-1.299999922525311390e-09,9.251858538542970348e-17,1.950000000000001066e+00
-1.333333277120374305e-09,9.251858538542970348e-17,2.000000000000000888e+00
-1.366666594708002790e-09,1.110223024625156540e-16,2.050000000000000711e+00
-1.399999930799348490e-09,1.110223024625156540e-16,2.100000000000000533e+00
-1.433333303898128413e-09,1.110223024625156540e-16,2.150000000000000355e+00
-1.466666584478322882e-09,1.110223024625156540e-16,2.200000000000000178e+00
-1.499999957577102805e-09,9.251858538542970348e-17,2.250000000000000000e+00
-1.533333312172165513e-09,9.251858538542970348e-17,2.299999999999999822e+00
-1.566666629759794205e-09,7.401486830834376525e-17,2.349999999999999645e+00
-1.599999984354856913e-09,5.551115123125782702e-17,2.399999999999999467e+00
-1.633333338949919621e-09,5.551115123125782702e-17,2.449999999999999289e+00
-1.666666693544982536e-09,5.551115123125782702e-17,2.499999999999999112e+00
-1.700000066643762252e-09,5.551115123125782702e-17,2.549999999999998934e+00
-1.733333439742542175e-09,5.551115123125782702e-17,2.599999999999998757e+00
-1.766666775833887875e-09,7.401486830834376525e-17,2.649999999999998579e+00
-1.800000074917799352e-09,7.401486830834376525e-17,2.699999999999997957e+00
-1.833333411009145052e-09,5.551115123125782702e-17,2.749999999999998224e+00
-1.866666710093056736e-09,7.401486830834376525e-17,2.799999999999998046e+00
-1.900000083191836452e-09,5.551115123125782702e-17,2.849999999999997868e+00
-1.933333456290616168e-09,5.551115123125782702e-17,2.899999999999997247e+00
-1.966666792381961868e-09,5.551115123125782702e-17,2.949999999999997513e+00
-2.000000091465873552e-09,5.551115123125782702e-17,2.999999999999997335e+00
-2.033333390549785236e-09,3.700743415417188263e-17,3.049999999999997158e+00
-2.066666763648564952e-09,3.700743415417188263e-17,3.099999999999996536e+00
-2.100000062732476636e-09,3.700743415417188263e-17,3.149999999999996803e+00
-2.133333435831256352e-09,1.850371707708594131e-17,3.199999999999996625e+00
-2.166666771922602052e-09,1.850371707708594131e-17,3.249999999999996447e+00
-2.200000071006513735e-09,3.700743415417188263e-17,3.299999999999995826e+00
-2.233333407097859435e-09,3.700743415417188263e-17,3.349999999999996092e+00
-2.266666706181770706e-09,3.700743415417188263e-17,3.399999999999995914e+00
-2.300000079280550835e-09,5.551115123125782702e-17,3.449999999999995737e+00
-2.333333452379330552e-09,5.551115123125782702e-17,3.499999999999995115e+00
-2.366666714455807805e-09,5.551115123125782702e-17,3.549999999999995381e+00
-2.400000087554587935e-09,3.700743415417188263e-17,3.599999999999995204e+00
-2.433333386638499205e-09,3.700743415417188263e-17,3.649999999999995026e+00
-2.466666685722410889e-09,3.700743415417188263e-17,3.699999999999994404e+00
-2.500000021813756589e-09,3.700743415417188263e-17,3.749999999999994671e+00
-2.533333394912536305e-09,5.551115123125782702e-17,3.799999999999994493e+00
-2.566666731003882005e-09,5.551115123125782702e-17,3.849999999999994316e+00
-2.600000104102662135e-09,5.551115123125782702e-17,3.899999999999993694e+00
-2.633333440194007835e-09,5.551115123125782702e-17,3.949999999999993960e+00
-2.666666739277919105e-09,5.551115123125782702e-17,3.999999999999993783e+00
-2.700000075369264805e-09,5.551115123125782702e-17,4.049999999999993605e+00
-2.733333411460610505e-09,5.551115123125782702e-17,4.099999999999992539e+00
-2.766666821566824651e-09,5.551115123125782702e-17,4.149999999999993250e+00
-2.800000120650736335e-09,5.551115123125782702e-17,4.199999999999993072e+00
-2.833333493749516051e-09,5.551115123125782702e-17,4.249999999999992895e+00
-2.866666866848295767e-09,5.551115123125782702e-17,4.299999999999991829e+00
-2.900000202939641467e-09,5.551115123125782702e-17,4.349999999999992539e+00
-2.933333576038421597e-09,5.551115123125782702e-17,4.399999999999992362e+00
-2.966666949137201314e-09,5.551115123125782702e-17,4.449999999999992184e+00
-3.000000285228547014e-09,5.551115123125782702e-17,4.499999999999991118e+00
-3.033333658327326730e-09,7.401486830834376525e-17,4.549999999999991829e+00
-3.066666957411238414e-09,7.401486830834376525e-17,4.599999999999991651e+00
-3.100000293502584113e-09,7.401486830834376525e-17,4.649999999999991473e+00
-3.133333629593929813e-09,7.401486830834376525e-17,4.699999999999990408e+00
-3.166666928677841497e-09,5.551115123125782702e-17,4.749999999999991118e+00
-3.200000227761752767e-09,5.551115123125782702e-17,4.799999999999990941e+00
-3.233333526845664451e-09,5.551115123125782702e-17,4.849999999999990763e+00
-3.266666862937010151e-09,5.551115123125782702e-17,4.899999999999989697e+00
-3.300000199028355851e-09,3.700743415417188263e-17,4.949999999999990408e+00
-3.333333535119701551e-09,3.700743415417188263e-17,4.999999999999990230e+00
-3.366666834203613234e-09,5.551115123125782702e-17,5.049999999999990052e+00
-3.400000170294958934e-09,5.551115123125782702e-17,5.099999999999988987e+00
-3.433333469378870204e-09,5.551115123125782702e-17,5.149999999999989697e+00
-3.466666805470215904e-09,4.625929269271485174e-17,5.199999999999989519e+00
-3.500000141561561604e-09,3.700743415417188263e-17,5.249999999999989342e+00
-3.533333477652907304e-09,3.700743415417188263e-17,5.299999999999988276e+00
-3.566666776736818988e-09,4.625929269271485174e-17,5.349999999999988987e+00
-3.600000112828164688e-09,4.625929269271485174e-17,5.399999999999988809e+00
-3.633333448919510388e-09,4.625929269271485174e-17,5.449999999999988631e+00
-3.666666822018290104e-09,5.551115123125782702e-17,5.499999999999987566e+00
-3.700000121102201788e-09,4.625929269271485174e-17,5.549999999999987388e+00
-3.733333457193547074e-09,2.775557561562891351e-17,5.599999999999988098e+00
-3.766666793284892774e-09,2.775557561562891351e-17,5.649999999999987921e+00
-3.800000166383672904e-09,1.850371707708594131e-17,5.699999999999986855e+00
-3.833333502475018604e-09,2.775557561562891351e-17,5.749999999999987566e+00
-3.866666838566364304e-09,1.850371707708594131e-17,5.799999999999987388e+00
-3.900000248672578037e-09,1.850371707708594131e-17,5.849999999999987210e+00
-3.933333584763923737e-09,0.000000000000000000e+00,5.899999999999986144e+00
-3.966666920855269437e-09,0.000000000000000000e+00,5.949999999999985967e+00
-4.000000256946615137e-09,0.000000000000000000e+00,5.999999999999986677e+00
-4.033333593037960837e-09,0.000000000000000000e+00,6.049999999999986500e+00
-4.066666929129306537e-09,0.000000000000000000e+00,6.099999999999985434e+00
-4.100000339235521096e-09,0.000000000000000000e+00,6.149999999999986144e+00
-4.133333675326866796e-09,0.000000000000000000e+00,6.199999999999985967e+00
-4.166667011418212496e-09,-9.251858538542970657e-18,6.249999999999985789e+00
-4.200000347509558196e-09,-1.850371707708594131e-17,6.299999999999984723e+00
-4.233333757615771929e-09,-1.850371707708594131e-17,6.349999999999984546e+00
-4.266667093707117629e-09,-9.251858538542970657e-18,6.399999999999985256e+00
-4.300000429798463329e-09,-1.850371707708594131e-17,6.449999999999985079e+00
-4.333333691874940996e-09,-2.775557561562891351e-17,6.499999999999984013e+00
-4.366667027966286696e-09,-1.850371707708594131e-17,6.549999999999984723e+00
-4.400000438072500429e-09,-2.775557561562891351e-17,6.599999999999984546e+00
-4.433333774163846129e-09,-2.775557561562891351e-17,6.649999999999984368e+00
-4.466667184270059861e-09,-1.850371707708594131e-17,6.699999999999983302e+00
-4.500000446346537529e-09,-2.312964634635742587e-17,6.749999999999983125e+00
-4.533333782437883228e-09,-1.850371707708594131e-17,6.799999999999983835e+00
-4.566667118529228928e-09,-1.850371707708594131e-17,6.849999999999983658e+00
-4.600000528635442661e-09,-1.387778780781445676e-17,6.899999999999982592e+00
-4.633333864726788361e-09,-1.387778780781445676e-17,6.949999999999983302e+00
-4.666667200818134061e-09,-2.312964634635742587e-17,6.999999999999983125e+00
-4.700000536909479761e-09,-2.312964634635742587e-17,7.049999999999982947e+00
-4.733333873000825461e-09,-1.850371707708594131e-17,7.099999999999981881e+00
-4.766667209092171161e-09,-1.387778780781445676e-17,7.149999999999981704e+00
-4.800000545183516861e-09,-2.312964634635742587e-17,7.199999999999982414e+00
-4.833333955289731421e-09,-1.850371707708594131e-17,7.249999999999982236e+00
-4.866667291381077121e-09,-1.619075244245019749e-17,7.299999999999981171e+00
-4.900000553457553961e-09,-2.312964634635742587e-17,7.349999999999981881e+00
-4.933333963563768521e-09,-1.156482317317871294e-17,7.399999999999981704e+00
-4.966667299655114221e-09,-9.251858538542970657e-18,7.449999999999981526e+00
-5.000000561731591061e-09,-9.251858538542970657e-18,7.499999999999980460e+00
-5.033333897822936761e-09,-9.251858538542970657e-18,7.549999999999980282e+00
-5.066667233914282461e-09,-2.197316402903955550e-17,7.599999999999980993e+00
-5.100000644020497020e-09,-2.081668171172168513e-17,7.649999999999980815e+00
-5.133333980111842720e-09,-2.775557561562891351e-17,7.699999999999979750e+00
-5.166667316203188420e-09,-4.336808689942017736e-17,7.749999999999980460e+00
-5.200000578279665261e-09,-4.510281037539698445e-17,7.799999999999980282e+00
-5.233333988385879820e-09,-4.799401616869165884e-17,7.849999999999980105e+00
-5.266667398492093553e-09,-3.989863994746656317e-17,7.899999999999979039e+00
-5.300000660568571220e-09,-3.093590198825305780e-17,7.949999999999978861e+00
-5.333333996659916920e-09,-3.064678140892358789e-17,7.999999999999979572e+00
-5.366667406766130653e-09,-3.006854025026465425e-17,8.049999999999979394e+00
-5.400000742857476353e-09,-3.238150488490039499e-17,8.099999999999980105e+00
-5.433334078948822053e-09,-2.775557561562891351e-17,8.149999999999980815e+00
-5.466667415040167753e-09,-2.197316402903955550e-17,8.199999999999981526e+00
-5.500000751131513453e-09,-1.387778780781445676e-17,8.249999999999982236e+00
-5.533334087222859153e-09,-1.619075244245019749e-17,8.299999999999982947e+00
-5.566667423314204853e-09,-1.619075244245019749e-17,8.349999999999983658e+00
-5.600000759405550553e-09,-1.387778780781445676e-17,8.399999999999984368e+00
-5.633334095496896253e-09,-1.850371707708594131e-17,8.449999999999985079e+00
-5.666667357573373920e-09,-3.238150488490039499e-17,8.499999999999985789e+00
-5.700000693664719620e-09,-3.700743415417188263e-17,8.549999999999986500e+00
-5.733334029756065320e-09,-4.625929269271485174e-17,8.599999999999987210e+00
-5.766667365847411020e-09,-4.625929269271485174e-17,8.649999999999987921e+00
-5.800000701938756720e-09,-5.088522196198633938e-17,8.699999999999988631e+00
-5.833334038030102420e-09,-4.625929269271485174e-17,8.749999999999989342e+00
-5.866667374121448120e-09,-3.238150488490039499e-17,8.799999999999990052e+00
-5.900000636197924960e-09,-3.700743415417188263e-17,8.849999999999990763e+00
-5.933333972289270660e-09,-3.238150488490039499e-17,8.899999999999991473e+00
-5.966667308380616360e-09,-3.238150488490039499e-17,8.949999999999992184e+00
-6.000000718486830920e-09,-4.163336342344337027e-17,8.999999999999992895e+00
-6.033334054578176620e-09,-5.088522196198633938e-17,9.049999999999993605e+00
-6.066667390669522320e-09,-4.163336342344337027e-17,9.099999999999994316e+00
-6.100000726760868019e-09,-3.700743415417188263e-17,9.149999999999995026e+00
-6.133334062852213719e-09,-3.700743415417188263e-17,9.199999999999995737e+00
-6.166667398943559419e-09,-3.700743415417188263e-17,9.249999999999996447e+00
-6.200000661020036260e-09,-3.700743415417188263e-17,9.299999999999997158e+00
-6.233333997111381960e-09,-2.775557561562891351e-17,9.349999999999997868e+00
-6.266667333202727660e-09,-2.775557561562891351e-17,9.399999999999998579e+00
-6.300000669294073360e-09,-2.775557561562891351e-17,9.449999999999999289e+00
-6.333334079400287919e-09,-3.700743415417188263e-17,9.500000000000000000e+00
-6.366667415491633619e-09,-4.625929269271485174e-17,9.550000000000000711e+00
-6.400000677568110459e-09,-4.625929269271485174e-17,9.600000000000001421e+00
-6.433334087674325019e-09,-3.700743415417188263e-17,9.650000000000002132e+00
-6.466667423765670719e-09,-2.775557561562891351e-17,9.700000000000002842e+00
-6.500000759857016419e-09,-2.775557561562891351e-17,9.750000000000003553e+00
-6.533334095948362119e-09,-2.775557561562891351e-17,9.800000000000004263e+00
-6.566667432039707819e-09,-2.775557561562891351e-17,9.850000000000004974e+00
-6.600000842145921552e-09,-2.775557561562891351e-17,9.900000000000005684e+00
-6.633334178237267252e-09,-1.850371707708594131e-17,9.950000000000006395e+00
-6.666667514328612952e-09,-1.850371707708594131e-17,1.000000000000000711e+01
-6.700000850419958652e-09,-2.775557561562891351e-17,1.005000000000000782e+01
-6.733334186511304352e-09,-3.700743415417188263e-17,1.010000000000000853e+01
-6.766667522602650051e-09,-2.775557561562891351e-17,1.015000000000000924e+01
-6.800000858693995751e-09,-9.251858538542970657e-18,1.020000000000000995e+01
-6.833334194785341451e-09,-1.850371707708594131e-17,1.025000000000001066e+01
-6.866667530876687151e-09,-1.850371707708594131e-17,1.030000000000001137e+01
-6.900000903975467281e-09,-1.850371707708594131e-17,1.035000000000001208e+01
-6.933334240066812981e-09,-2.775557561562891351e-17,1.040000000000001279e+01
-6.966667539150724251e-09,-2.775557561562891351e-17,1.045000000000001350e+01
-7.000000875242069951e-09,-1.850371707708594131e-17,1.050000000000001421e+01
-7.033334211333415651e-09,-2.775557561562891351e-17,1.055000000000001492e+01
-7.066667547424761351e-09,-1.850371707708594131e-17,1.060000000000001563e+01
-7.100000883516107051e-09,-1.850371707708594131e-17,1.065000000000001634e+01
-7.133334219607452751e-09,-1.850371707708594131e-17,1.070000000000001705e+01
-7.166667555698798451e-09,-1.850371707708594131e-17,1.075000000000001776e+01
-7.200000928797578581e-09,-1.850371707708594131e-17,1.080000000000001847e+01
-7.233334264888924281e-09,0.000000000000000000e+00,1.085000000000001741e+01
-7.266667563972835551e-09,-1.850371707708594131e-17,1.090000000000001990e+01
-7.300000900064181251e-09,-1.850371707708594131e-17,1.095000000000002061e+01
-7.333334199148092521e-09,0.000000000000000000e+00,1.100000000000002132e+01
-7.366667535239438221e-09,0.000000000000000000e+00,1.105000000000002025e+01
-7.400000871330783921e-09,0.000000000000000000e+00,1.110000000000002274e+01
-7.433334244429564051e-09,-1.850371707708594131e-17,1.115000000000002345e+01
-7.466667580520908924e-09,-1.850371707708594131e-17,1.120000000000002416e+01
-7.500000916612254624e-09,-1.850371707708594131e-17,1.125000000000002309e+01
-7.533334289711035581e-09,0.000000000000000000e+00,1.130000000000002558e+01
-7.566667551787512421e-09,0.000000000000000000e+00,1.135000000000002629e+01
-7.600000850871424518e-09,1.850371707708594131e-17,1.140000000000002700e+01
-7.633334186962770218e-09,0.000000000000000000e+00,1.145000000000002593e+01
-7.666667523054115918e-09,1.850371707708594131e-17,1.150000000000002842e+01
-7.700000859145461618e-09,0.000000000000000000e+00,1.155000000000002913e+01
-7.733334232244240921e-09,1.850371707708594131e-17,1.160000000000002984e+01
-7.766667605343020223e-09,0.000000000000000000e+00,1.165000000000002878e+01
-7.800000941434365923e-09,1.850371707708594131e-17,1.170000000000003126e+01
-7.833334277525711623e-09,0.000000000000000000e+00,1.175000000000003197e+01
-7.866667576609623721e-09,1.850371707708594131e-17,1.180000000000003268e+01
-7.900000912700969421e-09,1.850371707708594131e-17,1.185000000000003162e+01
-7.933334285799748723e-09,1.850371707708594131e-17,1.190000000000003411e+01
-7.966667621891094423e-09,1.850371707708594131e-17,1.195000000000003482e+01
-8.000000994989875380e-09,1.850371707708594131e-17,1.200000000000003553e+01
-8.033334331081221080e-09,1.850371707708594131e-17,1.205000000000003446e+01
-8.066667630165131523e-09,0.000000000000000000e+00,1.210000000000003695e+01
-8.100000966256477223e-09,1.850371707708594131e-17,1.215000000000003766e+01
-8.133334339355258180e-09,0.000000000000000000e+00,1.220000000000003837e+01
-8.166667712454037483e-09,1.850371707708594131e-17,1.225000000000003730e+01
-8.200001085552816786e-09,0.000000000000000000e+00,1.230000000000003979e+01
-8.233334421644162485e-09,1.850371707708594131e-17,1.235000000000004050e+01
-8.266667794742943443e-09,1.850371707708594131e-17,1.240000000000004121e+01
-8.300001093826853885e-09,1.850371707708594131e-17,1.245000000000004015e+01
-8.333334429918199585e-09,1.850371707708594131e-17,1.250000000000004263e+01
-8.366667840024414145e-09,3.700743415417188263e-17,1.255000000000004334e+01
-8.400001176115759845e-09,3.700743415417188263e-17,1.260000000000004405e+01
-8.433334512207105545e-09,5.551115123125782702e-17,1.265000000000004299e+01
-8.466667885305884848e-09,5.551115123125782702e-17,1.270000000000004547e+01
-8.500001221397230548e-09,5.551115123125782702e-17,1.275000000000004619e+01
-8.533334520481142645e-09,7.401486830834376525e-17,1.280000000000004690e+01
-8.566667856572488345e-09,7.401486830834376525e-17,1.285000000000004583e+01
-8.600001229671267648e-09,9.251858538542970348e-17,1.290000000000004832e+01
-8.633334565762613348e-09,9.251858538542970348e-17,1.295000000000004903e+01
-8.666667864846525445e-09,9.251858538542970348e-17,1.300000000000004974e+01
-8.700001200937871145e-09,9.251858538542970348e-17,1.305000000000004867e+01
-8.733334537029216845e-09,9.251858538542970348e-17,1.310000000000005116e+01
-8.766667910127996148e-09,9.251858538542970348e-17,1.315000000000005187e+01
-8.800001209211908245e-09,1.110223024625156540e-16,1.320000000000005258e+01
-8.833334545303253945e-09,1.110223024625156540e-16,1.325000000000005151e+01
-8.866667844387166042e-09,1.110223024625156540e-16,1.330000000000005400e+01
-8.900001143471076485e-09,1.110223024625156540e-16,1.335000000000005471e+01
-8.933334479562422185e-09,1.110223024625156540e-16,1.340000000000005542e+01
-8.966667797150051911e-09,1.295260195396015799e-16,1.345000000000005436e+01
-9.000001133241397611e-09,1.110223024625156540e-16,1.350000000000005684e+01
-9.033334450829025682e-09,1.295260195396015799e-16,1.355000000000005755e+01
-9.066667786920371382e-09,1.295260195396015799e-16,1.360000000000005826e+01
-9.100001141515434711e-09,1.295260195396015799e-16,1.365000000000005720e+01
-9.133334422095629179e-09,1.295260195396015799e-16,1.370000000000005969e+01
-9.166667795194408482e-09,1.110223024625156540e-16,1.375000000000006040e+01
-9.200001112782036553e-09,1.110223024625156540e-16,1.380000000000006111e+01
-9.233334485880817510e-09,1.110223024625156540e-16,1.385000000000006004e+01
-9.266667858979596813e-09,1.295260195396015799e-16,1.390000000000006253e+01
-9.300001195070942513e-09,1.295260195396015799e-16,1.395000000000006324e+01
-9.333334549666005842e-09,1.110223024625156540e-16,1.400000000000006395e+01
-9.366667904261067516e-09,1.295260195396015799e-16,1.405000000000006288e+01
-9.400001277359848473e-09,1.295260195396015799e-16,1.410000000000006537e+01
-9.433334631954910147e-09,1.295260195396015799e-16,1.415000000000006608e+01
-9.466667949542539873e-09,1.295260195396015799e-16,1.420000000000006679e+01
-9.500001248626450316e-09,1.295260195396015799e-16,1.425000000000006573e+01
-9.533334603221513644e-09,1.387778780781445676e-16,1.430000000000006821e+01
-9.566667957816576973e-09,1.480297366166875305e-16,1.435000000000006892e+01
-9.600001312411638647e-09,1.480297366166875305e-16,1.440000000000006963e+01
-9.633334657754843988e-09,1.480297366166875305e-16,1.445000000000006857e+01
-9.666667966090614073e-09,1.572815951552304935e-16,1.450000000000007105e+01
-9.700001320685675747e-09,1.665334536937734811e-16,1.455000000000007176e+01
-9.733334666028881088e-09,1.665334536937734811e-16,1.460000000000007248e+01
-9.766668011372084775e-09,1.665334536937734811e-16,1.465000000000007141e+01
-9.800001338211572488e-09,1.757853122323164440e-16,1.470000000000007390e+01
-9.833334683554776175e-09,1.850371707708594070e-16,1.475000000000007461e+01
-9.866668001142404247e-09,1.942890293094023946e-16,1.480000000000007532e+01
-9.900001337233749946e-09,2.035408878479453575e-16,1.485000000000007425e+01
-9.933334701080671262e-09,2.127927463864883205e-16,1.490000000000007674e+01
-9.966668027920158975e-09,2.220446049250313081e-16,1.495000000000007745e+01
-1.000000139176708029e-08,2.174186756557598143e-16,1.500000000000007816e+01
-1.003333470010285037e-08,2.266705341943027772e-16,1.505000000000007709e+01
-1.006666800843862046e-08,2.266705341943027772e-16,1.510000000000007958e+01
-1.010000136765961195e-08,2.266705341943027772e-16,1.515000000000008029e+01
-1.013333470837688747e-08,2.266705341943027772e-16,1.520000000000008100e+01
-1.016666803059044537e-08,2.359223927328457648e-16,1.525000000000007994e+01
-1.020000136668179107e-08,2.405483220021172340e-16,1.530000000000008242e+01
-1.023333473052871238e-08,2.474872159060244624e-16,1.535000000000008313e+01
-1.026666802961262448e-08,2.498001805406602216e-16,1.540000000000008384e+01
-1.030000136570397018e-08,2.428612866367529932e-16,1.545000000000008278e+01
-1.033333469716938606e-08,2.498001805406602216e-16,1.550000000000008527e+01
-1.036666803788666158e-08,2.451742512713887031e-16,1.555000000000008598e+01
-1.040000135547428965e-08,2.474872159060244624e-16,1.560000000000008669e+01
-1.043333468520498205e-08,2.393918396847993790e-16,1.565000000000008562e+01
-1.046666800568381647e-08,2.365006338915046677e-16,1.570000000000008811e+01
-1.050000134293164504e-08,2.359223927328457648e-16,1.575000000000008882e+01
-1.053333470620032575e-08,2.428612866367529932e-16,1.580000000000008953e+01
-1.056666801742730052e-08,2.440177689540708482e-16,1.585000000000008846e+01
-1.060000135814457604e-08,2.451742512713887031e-16,1.590000000000009095e+01
-1.063333470348777973e-08,2.382353573674814748e-16,1.595000000000009166e+01
-1.066666806039580714e-08,2.498001805406602216e-16,1.600000000000009237e+01
-1.070000141036494065e-08,2.544261098099316907e-16,1.605000000000008953e+01
-1.073333473026553446e-08,2.544261098099316907e-16,1.610000000000009379e+01
-1.076666805247909235e-08,2.636779683484746784e-16,1.615000000000009450e+01
-1.080000142095194349e-08,2.683038976177461475e-16,1.620000000000009521e+01
-1.083333474316550138e-08,2.729298268870176167e-16,1.625000000000009237e+01
-1.086666805150127146e-08,2.821816854255606043e-16,1.630000000000009663e+01
-1.090000138296668734e-08,2.821816854255606043e-16,1.635000000000009734e+01
-1.093333470055431541e-08,2.914335439641035919e-16,1.640000000000009805e+01
-1.096666809215681235e-08,2.960594732333750610e-16,1.645000000000009521e+01
-1.100000143750001769e-08,2.960594732333750610e-16,1.650000000000009948e+01
-1.103333472733207014e-08,3.053113317719180486e-16,1.655000000000010019e+01
-1.106666808192713347e-08,3.145631903104609869e-16,1.660000000000010090e+01
-1.110000141801847917e-08,3.238150488490039745e-16,1.665000000000009805e+01
-1.113333472635424926e-08,3.238150488490039745e-16,1.670000000000010232e+01
-1.116666805319373531e-08,3.145631903104609869e-16,1.675000000000010303e+01
-1.120000138003322303e-08,3.238150488490039745e-16,1.680000000000010374e+01
-1.123333471612456873e-08,3.145631903104609869e-16,1.685000000000010090e+01
-1.126666808922334803e-08,3.238150488490039745e-16,1.690000000000010516e+01
-1.130000142531469373e-08,3.238150488490039745e-16,1.695000000000010587e+01
-1.133333480766533267e-08,3.330669073875469621e-16,1.700000000000010658e+01
-1.136666810674924477e-08,3.423187659260899004e-16,1.705000000000010374e+01
-1.140000144284059047e-08,3.423187659260899004e-16,1.710000000000010800e+01
-1.143333477893193617e-08,3.608224830031758756e-16,1.715000000000010871e+01
-1.146666813352699785e-08,3.608224830031758756e-16,1.720000000000010942e+01
-1.150000146961834355e-08,3.608224830031758756e-16,1.725000000000010658e+01
-1.153333476870225564e-08,3.515706244646328880e-16,1.730000000000011084e+01
-1.156666808628988371e-08,3.700743415417188139e-16,1.735000000000011156e+01
-1.160000144088494704e-08,3.885780586188047891e-16,1.740000000000011227e+01
-1.163333477697629274e-08,4.070817756958907151e-16,1.745000000000010942e+01
-1.166666811306763844e-08,4.070817756958907151e-16,1.750000000000011369e+01
-1.170000144915898414e-08,3.885780586188047891e-16,1.755000000000011440e+01
-1.173333482225776344e-08,3.885780586188047891e-16,1.760000000000011511e+01
-1.176666817685282677e-08,3.885780586188047891e-16,1.765000000000011227e+01
-1.180000151294417247e-08,3.885780586188047891e-16,1.770000000000011653e+01
-1.183333488604295178e-08,3.885780586188047891e-16,1.775000000000011724e+01
-1.186666824063801510e-08,4.070817756958907151e-16,1.780000000000011795e+01
-1.190000157672936080e-08,4.070817756958907151e-16,1.785000000000011511e+01
-1.193333491282070650e-08,4.070817756958907151e-16,1.790000000000011937e+01
-1.196666826741576983e-08,4.255854927729766410e-16,1.795000000000012008e+01
-1.200000162201083151e-08,4.255854927729766410e-16,1.800000000000012079e+01
-1.203333492109474360e-08,4.070817756958907151e-16,1.805000000000011795e+01
-1.206666822017865570e-08,4.070817756958907151e-16,1.810000000000012221e+01
-1.210000157477371738e-08,4.070817756958907151e-16,1.815000000000012292e+01
-1.213333487385762947e-08,4.255854927729766410e-16,1.820000000000012363e+01
-1.216666822845269280e-08,4.255854927729766410e-16,1.825000000000012079e+01
-1.220000156454403850e-08,4.255854927729766410e-16,1.830000000000012506e+01
-1.223333486362794894e-08,4.440892098500626162e-16,1.835000000000012577e+01
-1.226666823672672990e-08,4.440892098500626162e-16,1.840000000000012648e+01
-1.230000157281807560e-08,4.440892098500626162e-16,1.845000000000012363e+01
-1.233333490890942130e-08,4.440892098500626162e-16,1.850000000000012790e+01
-1.236666820799333174e-08,4.440892098500626162e-16,1.855000000000012861e+01
-1.240000158109211270e-08,4.440892098500626162e-16,1.860000000000012932e+01
-1.243333495419089200e-08,4.440892098500626162e-16,1.865000000000012648e+01
-1.246666829028223770e-08,4.625929269271484928e-16,1.870000000000013074e+01
-1.250000166338101701e-08,4.440892098500626162e-16,1.875000000000013145e+01
-1.253333499947236271e-08,4.440892098500626162e-16,1.880000000000013216e+01
-1.256666837257114366e-08,4.440892098500626162e-16,1.885000000000012932e+01
-1.260000174566992297e-08,4.440892098500626162e-16,1.890000000000013358e+01
-1.263333508176126867e-08,4.440892098500626162e-16,1.895000000000013429e+01
-1.266666838084518076e-08,4.440892098500626162e-16,1.900000000000013500e+01
-1.270000171693652646e-08,4.440892098500626162e-16,1.905000000000013216e+01
-1.273333505302787216e-08,4.440892098500626162e-16,1.910000000000013642e+01
-1.276666842612665147e-08,4.625929269271484928e-16,1.915000000000013713e+01
-1.280000176221799717e-08,4.440892098500626162e-16,1.920000000000013785e+01
-1.283333506130190926e-08,4.440892098500626162e-16,1.925000000000013500e+01
-1.286666839739325496e-08,4.440892098500626162e-16,1.930000000000013927e+01
-1.290000173348460066e-08,4.255854927729766410e-16,1.935000000000013998e+01
-1.293333506957594636e-08,4.440892098500626162e-16,1.940000000000014069e+01
-1.296666844267472567e-08,4.440892098500626162e-16,1.945000000000013785e+01
-1.300000174175863776e-08,4.625929269271484928e-16,1.950000000000014211e+01
-1.303333511485741707e-08,4.625929269271484928e-16,1.955000000000014282e+01
-1.306666841394132916e-08,4.440892098500626162e-16,1.960000000000014353e+01
-1.310000178704010847e-08,4.440892098500626162e-16,1.965000000000014069e+01
-1.313333512313145417e-08,4.440892098500626162e-16,1.970000000000014495e+01
-1.316666842221536626e-08,4.625929269271484928e-16,1.975000000000014566e+01
-1.320000175830671196e-08,4.625929269271484928e-16,1.980000000000014637e+01
-1.323333509439805766e-08,4.810966440042344680e-16,1.985000000000014353e+01
-1.326666843048940336e-08,4.810966440042344680e-16,1.990000000000014779e+01
-1.330000176658074906e-08,4.810966440042344680e-16,1.995000000000014850e+01
-1.333333510267209476e-08,4.625929269271484928e-16,2.000000000000014921e+01
-1.336666847577087407e-08,4.810966440042344680e-16,2.005000000000014637e+01
-1.340000184886965337e-08,4.810966440042344680e-16,2.010000000000015064e+01
-1.343333518496099907e-08,4.810966440042344680e-16,2.015000000000015135e+01
-1.346666852105234477e-08,4.810966440042344680e-16,2.020000000000015206e+01
-1.350000182013625687e-08,4.810966440042344680e-16,2.025000000000014921e+01
-1.353333515622760257e-08,4.810966440042344680e-16,2.030000000000015348e+01
-1.356666845531151466e-08,4.810966440042344680e-16,2.035000000000015419e+01
-1.360000175439542511e-08,4.810966440042344680e-16,2.040000000000015490e+01
-1.363333512749420606e-08,4.625929269271484928e-16,2.045000000000015206e+01
-1.366666846358555176e-08,4.625929269271484928e-16,2.050000000000015632e+01
-1.370000183668433107e-08,4.625929269271484928e-16,2.055000000000015703e+01
-1.373333517277567677e-08,4.625929269271484928e-16,2.060000000000015774e+01
-1.376666854587445607e-08,4.810966440042344680e-16,2.065000000000015490e+01
-1.380000191897323703e-08,4.810966440042344680e-16,2.070000000000015916e+01
-1.383333525506458273e-08,4.810966440042344680e-16,2.075000000000015987e+01
-1.386666862816336203e-08,4.810966440042344680e-16,2.080000000000016058e+01
-1.390000196425470773e-08,4.810966440042344680e-16,2.085000000000015774e+01
-1.393333530034605343e-08,4.810966440042344680e-16,2.090000000000016200e+01
-1.396666863643739913e-08,4.810966440042344680e-16,2.095000000000016271e+01
-1.400000197252874483e-08,4.996003610813204432e-16,2.100000000000016342e+01
-1.403333534562752413e-08,4.996003610813204432e-16,2.105000000000016058e+01
-1.406666868171886983e-08,4.996003610813204432e-16,2.110000000000016485e+01
-1.410000201781021553e-08,5.088522196198633815e-16,2.115000000000016556e+01
-1.413333539090899649e-08,4.996003610813204432e-16,2.120000000000016627e+01
-1.416666872700034219e-08,5.088522196198633815e-16,2.125000000000016342e+01
-1.420000206309168789e-08,4.996003610813204432e-16,2.130000000000016769e+01
-1.423333539918303359e-08,4.996003610813204432e-16,2.135000000000016840e+01
-1.426666880928924649e-08,5.088522196198633815e-16,2.140000000000016556e+01
-1.430000207136572499e-08,5.088522196198633815e-16,2.145000000000016627e+01
-1.433333540745707069e-08,4.903485025427774063e-16,2.150000000000017053e+01
-1.436666866953354753e-08,4.996003610813204432e-16,2.155000000000017124e+01
-1.440000207963976209e-08,5.181040781584063198e-16,2.160000000000017195e+01
-1.443333541573110779e-08,5.181040781584063198e-16,2.165000000000016911e+01
-1.446666875182245349e-08,5.181040781584063198e-16,2.170000000000017337e+01
-1.450000208791379919e-08,5.181040781584063198e-16,2.175000000000017408e+01
-1.453333542400514489e-08,5.273559366969493567e-16,2.180000000000017124e+01
-1.456666876009649059e-08,5.366077952354922950e-16,2.185000000000017195e+01
-1.460000209618783629e-08,5.366077952354922950e-16,2.190000000000017621e+01
-1.463333543227918199e-08,5.366077952354922950e-16,2.195000000000017693e+01
-1.466666876837052769e-08,5.366077952354922950e-16,2.200000000000017764e+01
-1.470000210446187339e-08,5.273559366969493567e-16,2.205000000000017479e+01
-1.473333544055321909e-08,5.366077952354922950e-16,2.210000000000017906e+01
-1.476666870262969593e-08,5.366077952354922950e-16,2.215000000000017977e+01
-1.480000211273591049e-08,5.273559366969493567e-16,2.220000000000017693e+01
-1.483333537481238733e-08,5.366077952354922950e-16,2.225000000000017764e+01
-1.486666871090373303e-08,5.458596537740352333e-16,2.230000000000018190e+01
-1.490000204699507873e-08,5.458596537740352333e-16,2.235000000000018261e+01
-1.493333538308642277e-08,5.458596537740352333e-16,2.240000000000018332e+01
-1.496666879319263899e-08,5.366077952354922950e-16,2.245000000000018048e+01
-1.500000212928398469e-08,5.273559366969493567e-16,2.250000000000018474e+01
-1.503333553939019759e-08,5.227300074276778382e-16,2.255000000000018545e+01
-1.506666880146667609e-08,5.227300074276778382e-16,2.260000000000018261e+01
-1.510000213755802179e-08,5.319818659662207765e-16,2.265000000000018332e+01
-1.513333547364936749e-08,5.319818659662207765e-16,2.270000000000018758e+01
-1.516666880974071319e-08,5.458596537740352333e-16,2.275000000000018829e+01
-1.520000214583205889e-08,5.412337245047638135e-16,2.280000000000018900e+01
-1.523333540790853407e-08,5.458596537740352333e-16,2.285000000000018616e+01
-1.526666881801475029e-08,5.504855830433067518e-16,2.290000000000019043e+01
-1.530000208009122547e-08,5.551115123125782702e-16,2.295000000000019114e+01
-1.533333541618257117e-08,5.551115123125782702e-16,2.300000000000018829e+01
-1.536666882628878739e-08,5.551115123125782702e-16,2.305000000000018900e+01
-1.540000223639500029e-08,5.551115123125782702e-16,2.310000000000019327e+01
-1.543333549847147879e-08,5.643633708511212085e-16,2.315000000000019398e+01
-1.546666890857769169e-08,5.736152293896641468e-16,2.320000000000019469e+01
-1.550000224466903739e-08,5.828670879282071837e-16,2.325000000000019185e+01
-1.553333558076038309e-08,5.851800525628428936e-16,2.330000000000019611e+01
-1.556666891685172879e-08,5.828670879282071837e-16,2.335000000000019682e+01
-1.560000232695794170e-08,5.805541232935713752e-16,2.340000000000019398e+01
-1.563333566304928740e-08,5.713022647550284369e-16,2.345000000000019469e+01
-1.566666907315550361e-08,5.770846763416177610e-16,2.350000000000019895e+01
-1.570000248326171652e-08,5.828670879282071837e-16,2.355000000000019966e+01
-1.573333581935306222e-08,5.979013580533394461e-16,2.360000000000020037e+01
-1.576666915544440792e-08,6.036837696399288689e-16,2.365000000000019753e+01
-1.580000249153575362e-08,5.979013580533394461e-16,2.370000000000020179e+01
-1.583333590164196652e-08,5.955883934187037362e-16,2.375000000000020250e+01
-1.586666923773331222e-08,5.837344496661955873e-16,2.380000000000019966e+01
-1.590000257382465792e-08,5.900951024114438142e-16,2.385000000000020037e+01
-1.593333590991600362e-08,5.903842229907733149e-16,2.390000000000020464e+01
-1.596666924600734932e-08,5.967448757360216405e-16,2.395000000000020535e+01
-1.600000258209869502e-08,5.955883934187037362e-16,2.400000000000020606e+01
-1.603333591819004072e-08,5.886494995147965078e-16,2.405000000000020322e+01
-1.606666925428138642e-08,5.921189464667501220e-16,2.410000000000020748e+01
-1.610000259037273212e-08,5.851800525628428936e-16,2.415000000000020819e+01
-1.613333600047894834e-08,5.805541232935713752e-16,2.420000000000020535e+01
-1.616666941058516124e-08,5.874930171974786036e-16,2.425000000000020606e+01
-1.620000267266163974e-08,6.013708050052930603e-16,2.430000000000021032e+01
-1.623333600875298544e-08,5.990578403706573504e-16,2.435000000000021103e+01
-1.626666934484433114e-08,5.967448757360216405e-16,2.440000000000021174e+01
-1.630000268093567684e-08,5.967448757360216405e-16,2.445000000000020890e+01
-1.633333601702702254e-08,5.874930171974786036e-16,2.450000000000021316e+01
-1.636666935311836824e-08,5.967448757360216405e-16,2.455000000000021387e+01
-1.640000276322458114e-08,6.013708050052930603e-16,2.460000000000021103e+01
-1.643333609931592684e-08,6.152485928131075171e-16,2.465000000000021174e+01
-1.646666943540727254e-08,6.198745220823790355e-16,2.470000000000021600e+01
-1.650000277149861824e-08,6.245004513516505540e-16,2.475000000000021672e+01
-1.653333618160483115e-08,6.337523098901934923e-16,2.480000000000021743e+01
-1.656666951769617685e-08,6.383782391594650107e-16,2.485000000000021458e+01
-1.660000285378752255e-08,6.291263806209219738e-16,2.490000000000021885e+01
-1.663333618987886825e-08,6.245004513516505540e-16,2.495000000000021956e+01
-1.666666952597021395e-08,6.337523098901934923e-16,2.500000000000021672e+01
-1.670000286206155965e-08,6.291263806209219738e-16,2.505000000000021743e+01
-1.673333619815290535e-08,6.337523098901934923e-16,2.510000000000022169e+01
-1.676666960825912156e-08,6.383782391594650107e-16,2.515000000000022240e+01
-1.680000294435046726e-08,6.476300976980079490e-16,2.520000000000022311e+01
-1.683333628044181296e-08,6.476300976980079490e-16,2.525000000000022027e+01
-1.686666961653315866e-08,6.476300976980079490e-16,2.530000000000022453e+01
-1.690000295262450436e-08,6.383782391594650107e-16,2.535000000000022524e+01
-1.693333628871585006e-08,6.383782391594650107e-16,2.540000000000022240e+01
-1.696666962480719576e-08,6.383782391594650107e-16,2.545000000000022311e+01
-1.700000296089854146e-08,6.291263806209219738e-16,2.550000000000022737e+01
-1.703333629698988716e-08,6.291263806209219738e-16,2.555000000000022808e+01
-1.706666970709610007e-08,6.291263806209219738e-16,2.560000000000022879e+01
-1.710000304318744577e-08,6.198745220823790355e-16,2.565000000000022595e+01
-1.713333630526392426e-08,6.106226635438360972e-16,2.570000000000023022e+01
-1.716666971537013717e-08,6.106226635438360972e-16,2.575000000000023093e+01
-1.720000297744661566e-08,6.106226635438360972e-16,2.580000000000022808e+01
-1.723333631353796136e-08,6.106226635438360972e-16,2.585000000000022879e+01
-1.726666964962930706e-08,6.291263806209219738e-16,2.590000000000023306e+01
-1.730000305973551996e-08,6.291263806209219738e-16,2.595000000000023377e+01
-1.733333635881943041e-08,6.291263806209219738e-16,2.600000000000023448e+01
-1.736666969491077611e-08,6.383782391594650107e-16,2.605000000000023164e+01
-1.740000303100212181e-08,6.291263806209219738e-16,2.610000000000023590e+01
-1.743333636709346751e-08,6.291263806209219738e-16,2.615000000000023661e+01
-1.746666970318481321e-08,6.291263806209219738e-16,2.620000000000023377e+01
-1.750000303927615891e-08,6.291263806209219738e-16,2.625000000000023448e+01
-1.753333633836007266e-08,6.291263806209219738e-16,2.630000000000023874e+01
-1.756666971145885031e-08,6.291263806209219738e-16,2.635000000000023945e+01
-1.760000304755019601e-08,6.383782391594650107e-16,2.640000000000024016e+01
-1.763333638364154171e-08,6.383782391594650107e-16,2.645000000000023732e+01
-1.766666971973288741e-08,6.383782391594650107e-16,2.650000000000024158e+01
-1.770000309283166836e-08,6.476300976980079490e-16,2.655000000000024230e+01
-1.773333642892301406e-08,6.476300976980079490e-16,2.660000000000023945e+01
-1.776666976501435976e-08,6.476300976980079490e-16,2.665000000000024016e+01
-1.780000310110570546e-08,6.661338147750939243e-16,2.670000000000024443e+01
-1.783333640018961591e-08,6.661338147750939243e-16,2.675000000000024514e+01
-1.786666973628096161e-08,6.661338147750939243e-16,2.680000000000024585e+01
-1.790000307237230731e-08,6.476300976980079490e-16,2.685000000000024301e+01
-1.793333640846365301e-08,6.661338147750939243e-16,2.690000000000024727e+01
-1.796666974455499871e-08,6.661338147750939243e-16,2.695000000000024798e+01
-1.800000304363891246e-08,6.661338147750939243e-16,2.700000000000024514e+01
-1.803333637973025816e-08,6.661338147750939243e-16,2.705000000000024585e+01
-1.806666964180673334e-08,6.661338147750939243e-16,2.710000000000025011e+01
-1.810000301490551430e-08,6.661338147750939243e-16,2.715000000000025082e+01
-1.813333635099686000e-08,6.661338147750939243e-16,2.720000000000025153e+01
-1.816666968708820570e-08,6.661338147750939243e-16,2.725000000000024869e+01
-1.820000309719441861e-08,6.661338147750939243e-16,2.730000000000025295e+01
-1.823333643328576431e-08,6.661338147750939243e-16,2.735000000000025366e+01
-1.826666976937711001e-08,6.661338147750939243e-16,2.740000000000025082e+01
-1.830000317948332622e-08,6.661338147750939243e-16,2.745000000000025153e+01
-1.833333651557467192e-08,6.661338147750939243e-16,2.750000000000025580e+01
-1.836666985166601762e-08,6.846375318521798009e-16,2.755000000000025651e+01
-1.840000315074992806e-08,7.031412489292657761e-16,2.760000000000025722e+01
-1.843333648684127376e-08,7.031412489292657761e-16,2.765000000000025437e+01
-1.846666978592518421e-08,7.031412489292657761e-16,2.770000000000025864e+01
-1.850000312201652991e-08,7.031412489292657761e-16,2.775000000000025935e+01
-1.853333642110044366e-08,7.031412489292657761e-16,2.780000000000025651e+01
-1.856666972018435410e-08,7.031412489292657761e-16,2.785000000000025722e+01
-1.860000305627569980e-08,6.846375318521798009e-16,2.790000000000026148e+01
-1.863333635535961024e-08,6.846375318521798009e-16,2.795000000000026219e+01
-1.866666972845839120e-08,7.031412489292657761e-16,2.800000000000026290e+01
-1.870000302754230164e-08,7.031412489292657761e-16,2.805000000000026006e+01
-1.873333640064108260e-08,6.846375318521798009e-16,2.810000000000026432e+01
-1.876666973673242830e-08,7.031412489292657761e-16,2.815000000000026503e+01
-1.880000310983120926e-08,7.031412489292657761e-16,2.820000000000026219e+01
-1.883333644592255496e-08,7.031412489292657761e-16,2.825000000000026290e+01
-1.886666981902133261e-08,7.216449660063517513e-16,2.830000000000026716e+01
-1.890000315511267831e-08,7.216449660063517513e-16,2.835000000000026787e+01
-1.893333652821145926e-08,7.216449660063517513e-16,2.840000000000026859e+01
-1.896666982729536971e-08,7.401486830834376279e-16,2.845000000000026574e+01
-1.900000320039415066e-08,7.401486830834376279e-16,2.850000000000027001e+01
-1.903333653648549636e-08,7.401486830834376279e-16,2.855000000000027072e+01
-1.906666990958427732e-08,7.401486830834376279e-16,2.860000000000026787e+01
-1.910000328268305497e-08,7.401486830834376279e-16,2.865000000000026859e+01
-1.913333665578183593e-08,7.401486830834376279e-16,2.870000000000027285e+01
-1.916666999187318163e-08,7.586524001605236031e-16,2.875000000000027356e+01
-1.920000329095709207e-08,7.771561172376095783e-16,2.880000000000027427e+01
-1.923333662704843777e-08,7.771561172376095783e-16,2.885000000000027143e+01
-1.926666996313978347e-08,7.771561172376095783e-16,2.890000000000027569e+01
-1.930000329923112917e-08,7.771561172376095783e-16,2.895000000000027640e+01
-1.933333663532247487e-08,7.771561172376095783e-16,2.900000000000027356e+01
-1.936666993440638862e-08,7.586524001605236031e-16,2.905000000000027427e+01
-1.940000327049773432e-08,7.586524001605236031e-16,2.910000000000027853e+01
-1.943333660658908002e-08,7.771561172376095783e-16,2.915000000000027924e+01
-1.946666992417670644e-08,7.771561172376095783e-16,2.920000000000027995e+01
-1.950000326026805214e-08,7.771561172376095783e-16,2.925000000000027711e+01
-1.953333659635939784e-08,7.771561172376095783e-16,2.930000000000028137e+01
-1.956666993245074354e-08,7.771561172376095783e-16,2.935000000000028209e+01
-1.960000323153465729e-08,7.771561172376095783e-16,2.940000000000027924e+01
-1.963333658612971896e-08,7.586524001605236031e-16,2.945000000000027995e+01
-1.966666990371734869e-08,7.586524001605236031e-16,2.950000000000028422e+01
-1.970000325831241036e-08,7.771561172376095783e-16,2.955000000000028493e+01
-1.973333661290747204e-08,7.771561172376095783e-16,2.960000000000028564e+01
-1.976666994899881774e-08,7.586524001605236031e-16,2.965000000000028280e+01
-1.980000328509016344e-08,7.771561172376095783e-16,2.970000000000028706e+01
-1.983333663968522842e-08,7.771561172376095783e-16,2.975000000000028777e+01
-1.986666997577657412e-08,7.956598343146954549e-16,2.980000000000028493e+01
-1.990000334887535177e-08,7.956598343146954549e-16,2.985000000000028564e+01
-1.993333666646298149e-08,8.141635513917814301e-16,2.990000000000028990e+01
-1.996667002105804317e-08,8.141635513917814301e-16,2.995000000000029061e+01
-2.000000335714938887e-08,8.141635513917814301e-16,3.000000000000029132e+01
-2.003333667473701859e-08,8.234154099303243684e-16,3.005000000000028848e+01
-2.006666999232464832e-08,8.326672684688674053e-16,3.010000000000029274e+01
-2.010000338392714525e-08,8.234154099303243684e-16,3.015000000000029345e+01
-2.013333672001849095e-08,8.141635513917814301e-16,3.020000000000029061e+01
-2.016667009311726860e-08,8.141635513917814301e-16,3.025000000000029132e+01
-2.020000341070489832e-08,8.234154099303243684e-16,3.030000000000029559e+01
-2.023333675604810367e-08,8.234154099303243684e-16,3.035000000000029630e+01
-2.026667011064316534e-08,8.419191270074103436e-16,3.040000000000029701e+01
-2.030000346523822701e-08,8.419191270074103436e-16,3.045000000000029416e+01
-2.033333682908514833e-08,8.419191270074103436e-16,3.050000000000029843e+01
-2.036667019293206965e-08,8.511709855459532819e-16,3.055000000000029914e+01
-2.040000348276412376e-08,8.604228440844963188e-16,3.060000000000029630e+01
-2.043333676334431822e-08,8.604228440844963188e-16,3.065000000000029701e+01
-2.046667014569495551e-08,8.604228440844963188e-16,3.070000000000030127e+01
-2.050000344477886927e-08,8.696747026230392571e-16,3.075000000000030198e+01
-2.053333681787764691e-08,8.789265611615821954e-16,3.080000000000030269e+01
-2.056667012621341700e-08,8.743006318923107756e-16,3.085000000000029985e+01
-2.060000342529733075e-08,8.789265611615821954e-16,3.090000000000030411e+01
-2.063333676138867645e-08,8.743006318923107756e-16,3.095000000000030482e+01
-2.066667005122072725e-08,8.835524904308537139e-16,3.100000000000030198e+01
-2.070000340581579223e-08,8.835524904308537139e-16,3.105000000000030269e+01
-2.073333677428864172e-08,8.881784197001252323e-16,3.110000000000030695e+01
-2.076667008262441180e-08,8.928043489693966522e-16,3.115000000000030767e+01
-2.080000341871575750e-08,9.020562075079396891e-16,3.120000000000030838e+01
-2.083333673167745575e-08,9.020562075079396891e-16,3.125000000000030553e+01
-2.086667004926508548e-08,9.020562075079396891e-16,3.130000000000030980e+01
-2.090000336685271520e-08,9.113080660464825288e-16,3.135000000000031051e+01
-2.093333672607370504e-08,9.217164069023433714e-16,3.140000000000030767e+01
-2.096667006910394465e-08,9.188252011090487586e-16,3.145000000000030838e+01
-2.100000339363046828e-08,9.274988184889327941e-16,3.150000000000031264e+01
-2.103333674649080648e-08,9.240293715369791799e-16,3.155000000000031335e+01
-2.106667009588170103e-08,9.251858538542969855e-16,3.160000000000031406e+01
-2.110000344353786880e-08,9.321247477582042139e-16,3.165000000000031122e+01
-2.113333678425514267e-08,9.355941947101578281e-16,3.170000000000031548e+01
-2.116667010415573813e-08,9.298117831235686026e-16,3.175000000000031619e+01
-2.120000344024708383e-08,9.251858538542969855e-16,3.180000000000031335e+01
-2.123333675783471025e-08,9.321247477582042139e-16,3.185000000000031406e+01
-2.126667008236123388e-08,9.251858538542969855e-16,3.190000000000031832e+01
-2.130000341845257958e-08,9.205599245850255657e-16,3.195000000000031903e+01
-2.133333676379578492e-08,9.298117831235686026e-16,3.200000000000031974e+01
-2.136667007213155500e-08,9.390636416621114423e-16,3.205000000000030980e+01
-2.140000343597847632e-08,9.483155002006544792e-16,3.210000000000031406e+01
-2.143333673968831493e-08,9.483155002006544792e-16,3.215000000000030411e+01
-2.146667006190187282e-08,9.575673587391975161e-16,3.220000000000030838e+01
-2.150000337948950255e-08,9.529414294699258991e-16,3.225000000000029843e+01
-2.153333669707713227e-08,9.529414294699258991e-16,3.230000000000030269e+01
-2.156667001466475869e-08,9.529414294699258991e-16,3.235000000000029274e+01
-2.160000333225238841e-08,9.621932880084689360e-16,3.240000000000029701e+01
-2.163333668684745009e-08,9.621932880084689360e-16,3.245000000000028706e+01
-2.166667001368693946e-08,9.621932880084689360e-16,3.250000000000029132e+01
